label,prompt,text,text_length,clean_text,young_prob,old_prob,perplexity,dist_1,dist_2,dist_3
1,Awesome! I actually haven't been there. When did you go?, I haven´´IfThe,2,i haven ifthe,0.43555840849876404,0.5644416213035583,158.33763122558594,1.0,0.5,0.0
1,Awesome! I actually haven't been there. When did you go?,IfDexDexIf,1,ifdexdexif,0.9962261915206909,0.003773842705413699,164.98121643066406,1.0,0.0,0.0
1,Awesome! I actually haven't been there. When did you go?, I haven´The´The,2,i haven the the,0.0014121044659987092,0.9985879063606262,111.4638442993164,1.0,0.5,0.0
1,Awesome! I actually haven't been there. When did you go?," Where are in the t,",5,where are in the t,0.015245276503264904,0.9847546815872192,22.47517204284668,1.0,0.8,0.6
1,Can I add you on Facebook?, I will add my name to,6,i will add my name to,0.9832043647766113,0.016795635223388672,71.19219970703125,1.0,0.8333333333333334,0.6666666666666666
1,Can I add you on Facebook?,theIWI,1,theiwi,0.025823935866355896,0.9741761088371277,102.386474609375,1.0,0.0,0.0
1,Can I add you on Facebook?, ( rog barbar imm imm,5,rog barbar imm imm,0.9097203016281128,0.0902797058224678,53.360679626464844,0.8,0.8,0.6
1,Can I add you on Facebook?, ( ( imm imm rog,5,imm imm rog,0.7808066606521606,0.21919333934783936,100.55207824707031,0.6,0.8,0.6
1,Can I add you on Facebook?," Yes, but it's private",4,yes but it s private,0.008761399425566196,0.991238534450531,55.49559020996094,1.0,0.75,0.5
1,Can I add you on Facebook?," If so I, I,",4,if so i i,0.28326818346977234,0.71673184633255,236.2030029296875,0.75,0.75,0.5
1,Do you have any hobbies?," ( (,. to",3,to,0.722280740737915,0.27771925926208496,2185.66064453125,1.0,0.6666666666666666,0.3333333333333333
1,Do you have any hobbies?, ( ( ( ( you,5,you,0.7644551992416382,0.23554475605487823,877.5094604492188,0.4,0.4,0.4
1,Do you have any hobbies?, ( in the in/,4,in the in,0.008242694661021233,0.991757333278656,93.56083679199219,1.0,0.75,0.5
1,What do you wanna eat?, A healthy amount carbs fat protein,6,a healthy amount carbs fat protein,0.6851394176483154,0.3148605525493622,42.9735107421875,1.0,0.8333333333333334,0.6666666666666666
1,What do you wanna eat?," and., "" and",3,and and,0.0011615995317697525,0.9988383650779724,399.6985778808594,1.0,0.6666666666666666,0.3333333333333333
1,What do you wanna eat?, I don`´´,2,i don,0.594377875328064,0.40562209486961365,4663.4404296875,1.0,0.5,0.0
1,What do you wanna eat?," "" in "" I """,5,in i,0.3875894844532013,0.6124104857444763,325.0369567871094,0.6,0.8,0.6
1,What are your plans this week?,YouTheTheTheThe,1,youthethethethe,0.9989914298057556,0.0010085967369377613,16.71710205078125,1.0,0.0,0.0
1,What are your plans this week?,TheTheITheThe,1,thetheithethe,0.08329807221889496,0.9167019128799438,20.01716423034668,1.0,0.0,0.0
1,What are your plans this week?,TheTheAndAndAnd,1,thetheandandand,0.864565908908844,0.1354341059923172,19.08345603942871,1.0,0.0,0.0
1,What are your plans this week?,ITheTheA A,2,ithethea a,0.00132128712721169,0.9986787438392639,220.3253631591797,1.0,0.5,0.0
1,What are your plans this week?,WhatWhatWhatIfI,1,whatwhatwhatifi,0.49304670095443726,0.5069532990455627,24.304393768310547,1.0,0.0,0.0
1,Awesome! I actually haven't been there. When did you go?,IfDexDexIf5IfAr11DexDex,1,ifdexdexif ifar dexdex,0.9881948232650757,0.011805117130279541,91.87554931640625,1.0,0.0,0.0
1,Awesome! I actually haven't been there. When did you go?," Where are in the t, they can be in the to",11,where are in the t they can be in the to,0.0011507405433803797,0.9988492727279663,18.892839431762695,0.8181818181818182,0.8181818181818182,0.8181818181818182
1,Awesome! I actually haven't been there. When did you go?, I haven´´9ISoWhenThatTheYouIt,2,i haven isowhenthattheyouit,0.17644666135311127,0.8235533237457275,59.1047248840332,1.0,0.5,0.0
1,Awesome! I actually haven't been there. When did you go?,DexDexIfDexDex33Dex5Dex24,1,dexdexifdexdex dex dex,0.9989920258522034,0.0010079833446070552,44.491729736328125,1.0,0.0,0.0
1,Awesome! I actually haven't been there. When did you go?,SaintDepDex EndedIf D Until Ever Orc Until,7,saintdepdex endedif d until ever orc until,0.9756354093551636,0.024364566430449486,27.353715896606445,0.8571428571428571,0.8571428571428571,0.7142857142857143
1,Can I add you on Facebook?,theIWIInF5R2R,1,theiwiinf r r,0.027870062738656998,0.9721298813819885,90.17716217041016,1.0,0.0,0.0
1,Can I add you on Facebook?, ( ( imm imm rog — em rog imm imm barbar,11,imm imm rog em rog imm imm barbar,0.7801675200462341,0.2198324054479599,52.32210159301758,0.5454545454545454,0.8181818181818182,0.8181818181818182
1,Can I add you on Facebook?," If so I, I,, it, it's is",7,if so i i it it s is,0.0012322510592639446,0.9987677335739136,97.45167541503906,1.0,0.8571428571428571,0.7142857142857143
1,Can I add you on Facebook?, I'll post the link here soon. And please add the,10,i ll post the link here soon and please add the,0.38516685366630554,0.6148331761360168,25.787240982055664,0.9,0.9,0.8
1,Can I add you on Facebook?,ILikeCIIA5L8P,1,ilikeciia l p,0.06583912670612335,0.9341608881950378,206.32537841796875,1.0,0.0,0.0
1,Can I add you on Facebook?,CCGCTheGAdAAlB,1,ccgcthegadaalb,0.02722761407494545,0.9727723598480225,166.4847869873047,1.0,0.0,0.0
1,Do you have any hobbies?, ( ( ( ( you in ( ( ( ( (,11,you in,0.08942606300115585,0.9105739593505859,709.7195434570312,0.2727272727272727,0.36363636363636365,0.45454545454545453
1,Do you have any hobbies?, ( in the in/ ( (. ( ( (,9,in the in,0.006761717144399881,0.9932382106781006,187.11988830566406,0.5555555555555556,0.7777777777777778,0.7777777777777778
1,Do you have any hobbies?, (? (? if a to in to to the,9,if a to in to to the,0.0010935897007584572,0.9989063739776611,96.9140396118164,0.6666666666666666,0.8888888888888888,0.7777777777777778
1,Do you have any hobbies?," ( r r r n "" z r n "" z",11,r r r n z r n z,0.06423737108707428,0.9357627034187317,254.63839721679688,0.45454545454545453,0.5454545454545454,0.6363636363636364
1,Do you have any hobbies?, ( ( (/ ( ( to ( ( to.,9,to to,0.019728222861886024,0.9802717566490173,579.4512329101562,0.4444444444444444,0.6666666666666666,0.7777777777777778
1,What do you wanna eat?,.. (.. ( the 1 6 2 6,8,the,0.6449205875396729,0.35507941246032715,353.7663269042969,0.875,0.875,0.75
1,What do you wanna eat?," "" in "" I ""... ( and """,8,in i and,0.102603979408741,0.8973960876464844,207.19940185546875,0.75,0.875,0.75
1,What do you wanna eat?," "" and "" "" "" a. "" "" "" the",10,and a the,0.001362381735816598,0.9986376166343689,98.05512237548828,0.4,0.6,0.7
1,What do you wanna eat?,", "" "" "" and "" "" a "" "" """,11,and a,0.0010605474235489964,0.9989394545555115,36.774864196777344,0.36363636363636365,0.5454545454545454,0.7272727272727273
1,What do you wanna eat?,",..... "" ( a ed ed by.",7,a ed ed by,0.998967170715332,0.001032792730256915,197.9066619873047,0.8571428571428571,0.8571428571428571,0.7142857142857143
1,What are your plans this week?,TheTheITheTheTheItsYouItYourYou,1,thetheithethetheitsyouityouryou,0.5720242857933044,0.42797571420669556,18.443693161010742,1.0,0.0,0.0
1,What are your plans this week?,WhatWhatWhatIfIIThisThisThisYouThere,1,whatwhatwhatifiithisthisthisyouthere,0.23620803654193878,0.7637919783592224,19.030261993408203,1.0,0.0,0.0
1,What are your plans this week?,"TheTheThe""The""The""The""""",1,thethethe the the the,0.0014490520115941763,0.9985509514808655,23.10921287536621,1.0,0.0,0.0
1,What are your plans this week?,AndTheTheTheITheyititIt I-,2,andthethetheitheyititit i,0.025205129757523537,0.974794864654541,22.752477645874023,1.0,0.5,0.0
1,What are your plans this week?,WeWeItItWeWhatWhyWhyYourYouYour,1,weweititwewhatwhywhyyouryouyour,0.6441466808319092,0.3558533489704132,25.855520248413086,1.0,0.0,0.0
1,Awesome! I actually haven't been there. When did you go?,In-ATheA,1,in athea,0.3021121621131897,0.6978878974914551,284.09283447265625,1.0,0.0,0.0
1,Awesome! I actually haven't been there. When did you go?," Where are in the t, they can be in the to the to the to the to",17,where are in the t they can be in the to the to the to the to,0.0010967807611450553,0.9989031553268433,14.686440467834473,0.5294117647058824,0.5882352941176471,0.6470588235294118
1,Awesome! I actually haven't been there. When did you go?, What's the plan? I haven` ­ ­``´´ِ``´`,7,what s the plan i haven,0.04894540458917618,0.9510546326637268,147.21376037597656,1.0,0.8571428571428571,0.7142857142857143
1,Awesome! I actually haven't been there. When did you go?,SaintDepDex EndedIf D Until Ever Orc Until In Never Ever Orc Never Ever,13,saintdepdex endedif d until ever orc until in never ever orc never ever,0.9851967096328735,0.014803333207964897,21.459123611450195,0.6153846153846154,0.7692307692307693,0.8461538461538461
1,Awesome! I actually haven't been there. When did you go?," I'm from Ireland, I donS���.,, is and it",8,i m from ireland i dons is and it,0.9175097346305847,0.0824902355670929,45.52455520629883,1.0,0.875,0.75
1,Awesome! I actually haven't been there. When did you go?,OriginallyShin EndedBAr EndedHol EndedArDex DDexD DArB,6,originallyshin endedbar endedhol endedardex ddexd darb,0.022140134125947952,0.9778598546981812,18.51860237121582,1.0,0.8333333333333334,0.6666666666666666
1,Can I add you on Facebook?, ( rog barbar imm imm rog imm barbar imm imm rog noble barbar rog imm rog barbar,17,rog barbar imm imm rog imm barbar imm imm rog noble barbar rog imm rog barbar,0.9935773015022278,0.006422717589884996,18.755706787109375,0.29411764705882354,0.5882352941176471,0.7647058823529411
1,Can I add you on Facebook?," If so I, I,, it, it's is a very,,, and",10,if so i i it it s is a very and,0.0013198162196204066,0.9986801743507385,73.48466491699219,1.0,0.9,0.8
1,Can I add you on Facebook?, ( rog joy joy ( rog imm barbar rog imm em — det rog rog imm evil,17,rog joy joy rog imm barbar rog imm em det rog rog imm evil,0.99892657995224,0.0010733767412602901,50.928916931152344,0.5294117647058824,0.7647058823529411,0.8823529411764706
1,Can I add you on Facebook?,CCGCTheGAdAAlB3B3G3R,1,ccgcthegadaalb b g r,0.016953270882368088,0.9830467104911804,194.46249389648438,1.0,0.0,0.0
1,Can I add you on Facebook?, - - Click Here to add your name -PHW3050R24,9,click here to add your name phw r,0.9833245277404785,0.016675500199198723,87.7839126586914,0.8888888888888888,0.8888888888888888,0.7777777777777778
1,Can I add you on Facebook?,IWillIYouIYouTheInAItAYouYouFacebookItIs,1,iwilliyouiyoutheinaitayouyoufacebookitis,0.9878778457641602,0.012122190557420254,32.99873733520508,1.0,0.0,0.0
1,Do you have any hobbies?," ( (,. to ( the (, to a ( ( ( ( ( (",14,to the to a,0.0012297291541472077,0.9987702965736389,215.15606689453125,0.42857142857142855,0.6428571428571429,0.6428571428571429
1,Do you have any hobbies?, ( in the in/ ( (. ( ( ( to. ( for the (,14,in the in to for the,0.007870817556977272,0.9921292066574097,129.093017578125,0.5,0.8571428571428571,0.8571428571428571
1,Do you have any hobbies?," [ ( to ( the (, ( the (( ( to ( (/(",13,to the the to,0.0012428273912519217,0.9987571239471436,261.84429931640625,0.5384615384615384,0.6923076923076923,0.7692307692307693
1,Do you have any hobbies?, ( ( (/ ( ( to ( ( to. ( ( ( ( ( (,15,to to,0.01864699274301529,0.9813529253005981,394.8883056640625,0.26666666666666666,0.4666666666666667,0.6666666666666666
1,Do you have any hobbies?," (or plans for your future?) that I don,., ( (-",10,or plans for your future that i don,0.9684287309646606,0.03157132863998413,55.424476623535156,1.0,0.9,0.8
1,What do you wanna eat?," and., "" and,. and "" "",. and.. and """,9,and and and and and,0.0011571336071938276,0.9988428354263306,55.94485092163086,0.6666666666666666,0.7777777777777778,0.7777777777777778
1,What do you wanna eat?," "" in "" I ""... ( and "" and "" and "" "" """,14,in i and and and,0.001201844890601933,0.998798131942749,111.93666076660156,0.42857142857142855,0.6428571428571429,0.7142857142857143
1,What do you wanna eat?," What's in this is the most dangerous place on the moon?""— Dr C",13,what s in this is the most dangerous place on the moon dr c,0.019655700773000717,0.980344295501709,28.21488380432129,0.9230769230769231,0.9230769230769231,0.8461538461538461
1,What do you wanna eat?,",..... "" ( a ed ed by. ed "" ed a ed ed",13,a ed ed by ed ed a ed ed,0.9943546056747437,0.005645440891385078,85.25739288330078,0.46153846153846156,0.7692307692307693,0.7692307692307693
1,What do you wanna eat?," (. "".. e.. the,., and, "" ""-",7,e the and,0.0011658553266897798,0.9988341927528381,90.96772003173828,1.0,0.8571428571428571,0.7142857142857143
1,What do you wanna eat?," "" "" in a and "" "" and "". ""..., "" in",12,in a and and in,0.0011746106902137399,0.9988253712654114,43.37530517578125,0.5,0.75,0.8333333333333334
1,What are your plans this week?,"TheTheAndAndAndThereTheyYouYou.You,ITheTheIAnd",1,thetheandandandtheretheyyouyou you ithetheiand,0.02291625551879406,0.9770837426185608,20.949447631835938,1.0,0.0,0.0
1,What are your plans this week?,WhatWhatWhatIfIIThisThisThisYouThereItYouThereIf youI,2,whatwhatwhatifiithisthisthisyouthereityouthereif youi,0.10295744240283966,0.8970425128936768,18.186670303344727,1.0,0.5,0.0
1,What are your plans this week?,TheATheAAAAANANANANAAAAAAAAAAAANDTHETHEI,1,theatheaaaaananananaaaaaaaaaaaandthethei,0.5243718028068542,0.47562819719314575,25.64281463623047,1.0,0.0,0.0
1,What are your plans this week?,WeWeItItWeWhatWhyWhyYourYouYourItYourYouYourThisYour,1,weweititwewhatwhywhyyouryouyourityouryouyourthisyour,0.5073491930961609,0.4926508367061615,18.425649642944336,1.0,0.0,0.0
1,What are your plans this week?,TheATheAATheaAATheAAThe thea anda,3,theatheaatheaaatheaathe thea anda,0.1689099669456482,0.8310900330543518,21.21155548095703,1.0,0.6666666666666666,0.3333333333333333
1,What are your plans this week?,ItItItThatYouYouAndTheTheThereIsAWhatThereThereItThere,1,itititthatyouyouandthethethereisawhattherethereitthere,0.031486961990594864,0.968513011932373,22.598281860351562,1.0,0.0,0.0
1,Awesome! I actually haven't been there. When did you go?, to,1,to,0.7805296182632446,0.2194703221321106,1512.404296875,1.0,0.0,0.0
1,Awesome! I actually haven't been there. When did you go?, I haven´´9ISoWhenThatTheYouIt't'tItItIYouyouityouyouIyou,2,i haven isowhenthattheyouit t tititiyouyouityouyouiyou,0.29168394207954407,0.7083160877227783,28.375185012817383,1.0,0.5,0.0
1,Awesome! I actually haven't been there. When did you go?,SaintDepDex EndedIf D Until Ever Orc Until In Never Ever Orc Never Ever Orc Never Orc Never Never Occ,19,saintdepdex endedif d until ever orc until in never ever orc never ever orc never orc never never occ,0.931837260723114,0.068162702023983,19.53694725036621,0.47368421052631576,0.6842105263157895,0.7894736842105263
1,Awesome! I actually haven't been there. When did you go?," I've heard the first time, I went in 2004. I went to the other places with other people from the old",21,i ve heard the first time i went in i went to the other places with other people from the old,0.02971506305038929,0.9702849388122559,23.426898956298828,0.7619047619047619,0.9047619047619048,0.9047619047619048
1,Awesome! I actually haven't been there. When did you go?, When you left it in the area under Kringa's you're you know they are in North West Northland Hills,19,when you left it in the area under kringa s you re you know they are in north west northland hills,0.001346241100691259,0.998653769493103,22.26409149169922,0.8947368421052632,0.9473684210526315,0.8947368421052632
1,Awesome! I actually haven't been there. When did you go?," What time were we atC,Dex was.Constr/cA)E.Constexa/D/",6,what time were we atc dex was constr ca e constexa d,0.9979259967803955,0.0020739715546369553,46.89004898071289,1.0,0.8333333333333334,0.6666666666666666
1,Can I add you on Facebook?, ( ( imm imm rog — em rog imm imm barbar barbar — barbar rog barbar barbar em rog imm ( imm imm,23,imm imm rog em rog imm imm barbar barbar barbar rog barbar barbar em rog imm imm imm,0.4459950625896454,0.5540049076080322,27.403600692749023,0.2608695652173913,0.6956521739130435,0.8260869565217391
1,Can I add you on Facebook?," I'll post the link here soon. And please add the email below in the ""message me with the details""",19,i ll post the link here soon and please add the email below in the message me with the details,0.001294851885177195,0.9987051486968994,23.25430679321289,0.8421052631578947,0.9473684210526315,0.8947368421052632
1,Can I add you on Facebook?,CCGCTheGAdAAlB3B3G3R3G6B4,1,ccgcthegadaalb b g r g b,0.022141436114907265,0.9778586030006409,179.69924926757812,1.0,0.0,0.0
1,Can I add you on Facebook?, Please do.<|endoftext|><|endoftext|>Advertisements<|endoftext|>Advertisements<|endoftext|><|endoftext|><|endoftext|>Advertisements<|endoftext|><|endoftext|>Advertisements<|endoftext|>////////////////////////////////////////////////////////////////////////////////////////////////PS<|endoftext|>PS<|endoftext|>,2,please do endoftext endoftext advertisements endoftext advertisements endoftext endoftext endoftext advertisements endoftext endoftext advertisements endoftext ps endoftext ps endoftext,0.9983887672424316,0.0016113037709146738,10.986309051513672,1.0,0.5,0.0
1,Can I add you on Facebook?, Please do!<|endoftext|>AdvertisementsAdvertisements<|endoftext|>Advertisements<|endoftext|>AdvertisementsAdvertisementsAdvertisementsAdvertisementsAdvertisementsAdvertisementsAdvertisementsAdvertisementsAdvertisementsQuoteAdvertisementsAdvertisementsAdvertisementsAdvertisements,2,please do endoftext advertisementsadvertisements endoftext advertisements endoftext advertisementsadvertisementsadvertisementsadvertisementsadvertisementsadvertisementsadvertisementsadvertisementsadvertisementsquoteadvertisementsadvertisementsadvertisementsadvertisements,0.9936122298240662,0.006387754809111357,15.141483306884766,1.0,0.5,0.0
1,Can I add you on Facebook?, If you like my profile I would like you on the in the on on the as in in the on in in on,24,if you like my profile i would like you on the in the on on the as in in the on in in on,0.9988928437232971,0.0011071364860981703,20.18769073486328,0.4583333333333333,0.7916666666666666,0.875
1,Do you have any hobbies?, ( ( ( ( you in ( ( ( ( ( ( ( in ( ( ( ( ( ( ( ( (,23,you in in,0.0018410086631774902,0.9981589913368225,435.8080139160156,0.13043478260869565,0.21739130434782608,0.30434782608695654
1,Do you have any hobbies?, (? (? if a to in to to the to in in the to the on in to the the in,21,if a to in to to the to in in the to the on in to the the in,0.0010971935698762536,0.9989027976989746,24.54697608947754,0.3333333333333333,0.7142857142857143,0.9047619047619048
1,Do you have any hobbies?, ( ( (/ ( ( to ( ( to. ( ( ( ( ( ( ( ( ( ( to (,21,to to to,0.001236781827174127,0.9987632036209106,276.1304626464844,0.19047619047619047,0.3333333333333333,0.47619047619047616
1,Do you have any hobbies?," ( ( the ( (, (, ( ( (? ( ( ( ( a ( ( ( ( ( (",20,the a,0.008757139556109905,0.9912428855895996,176.73672485351562,0.25,0.5,0.65
1,Do you have any hobbies?, ( (/ ( (/ ( ( to.((/(?(/??loc??loc,7,to loc loc,0.9517819285392761,0.04821811616420746,348.81451416015625,0.42857142857142855,0.5714285714285714,0.5714285714285714
1,Do you have any hobbies?," ( ( ( ( ( (/ a ( in (/ (, the ( ( ( ( ( ( (/",19,a in the,0.0014662621542811394,0.9985337257385254,472.47314453125,0.3157894736842105,0.47368421052631576,0.5263157894736842
1,What do you wanna eat?," "" and "" "" "" a. "" "" "" the and and "" "" "" and "" "" a and "" """,22,and a the and and and a and,0.0012789120664820075,0.9987210631370544,23.651626586914062,0.22727272727272727,0.45454545454545453,0.6363636363636364
1,What do you wanna eat?,",..... "" ( a ed ed by. ed "" ed a ed ed "" "" ed "" a ed",19,a ed ed by ed ed a ed ed ed a ed,0.9974274039268494,0.002572517842054367,60.68871307373047,0.3157894736842105,0.631578947368421,0.8421052631578947
1,What do you wanna eat?,". "" "", ( "" e, "" "", "" "" "", "" "" "", "" "" "",",17,e,0.3662036955356598,0.6337963342666626,22.423965454101562,0.29411764705882354,0.47058823529411764,0.5294117647058824
1,What do you wanna eat?," and "", "" ( "".. "",... ( "". "" and, ( "" ""..",13,and and,0.001316696871072054,0.9986832737922668,42.855587005615234,0.6153846153846154,0.9230769230769231,0.8461538461538461
1,What do you wanna eat?, What would your food needs would be for at your current needs and your needs?F<|endoftext|>A100-100,15,what would your food needs would be for at your current needs and your needs f endoftext a,0.855729877948761,0.144270122051239,33.74185562133789,0.7333333333333333,0.9333333333333333,0.8666666666666667
1,What are your plans this week?," - ""  - ... ... ...  .......""III""I*I",7,iii i i,0.0060103884898126125,0.9939895868301392,81.09453582763672,0.5714285714285714,0.7142857142857143,0.7142857142857143
1,What are your plans this week?,"TheTheThe""The""The""The""""B""TheC-D""E""The""The",1,thethethe the the the b thec d e the the,0.0010827267542481422,0.9989173412322998,15.44143295288086,1.0,0.0,0.0
1,What are your plans this week?,WeWeItItWeWhatWhyWhyYourYouYourItYourYouYourThisYourWeTheWe YourWhatYou,2,weweititwewhatwhywhyyouryouyourityouryouyourthisyourwethewe yourwhatyou,0.2424476444721222,0.7575523257255554,16.47364616394043,1.0,0.5,0.0
1,What are your plans this week?,"TheAAAnandananatheanandanananatheandAr, and the. (",4,theaaanandananatheanandanananatheandar and the,0.011846671812236309,0.9881533980369568,16.180572509765625,1.0,0.75,0.5
1,What are your plans this week?,WhatWhatHowHowWhatItThisItTheTheThereitisitititititTheItItitIT,1,whatwhathowhowwhatitthisitthethethereitisititititittheitititit,0.4495409429073334,0.5504590272903442,9.275466918945312,1.0,0.0,0.0
1,What are your plans this week?,TheThereTheThereItititit's a new and new thing going to be in the area of being a,15,thetherethethereitititit s a new and new thing going to be in the area of being a,0.0023544265422970057,0.9976455569267273,16.44693946838379,0.8666666666666667,0.9333333333333333,0.8666666666666667
1,Awesome! I actually haven't been there. When did you go?, I haven´The´TheYou```IfI```IYou`It.It``The`The`We,2,i haven the theyou ifi iyou it it the the we,0.00109761580824852,0.9989023208618164,109.02538299560547,1.0,0.5,0.0
1,Awesome! I actually haven't been there. When did you go?,DexDexIfDexDex33Dex5Dex24Dex24Dex22Dex22Dex25Dex33Dex5Dex24Dex23Dex25,1,dexdexifdexdex dex dex dex dex dex dex dex dex dex dex dex,0.9972681999206543,0.0027317823842167854,28.940872192382812,1.0,0.0,0.0
1,Awesome! I actually haven't been there. When did you go?," I'm from Ireland, I donS���.,, is and it, the is in a and the, and is is is",18,i m from ireland i dons is and it the is in a and the and is is is,0.0013269191840663552,0.9986730813980103,31.09212875366211,0.6666666666666666,0.8888888888888888,0.8888888888888888
1,Awesome! I actually haven't been there. When did you go?, When you left it in the area under Kringa's you're you know they are in North West Northland Hills north of the coast to the,25,when you left it in the area under kringa s you re you know they are in north west northland hills north of the coast to the,0.0013664599973708391,0.9986335635185242,20.036344528198242,0.84,0.96,0.92
1,Awesome! I actually haven't been there. When did you go?, I havenIf´BMDDCSS.CM ISASD.. I.DS.I:S I-,5,i havenif bmddcss cm isasd i ds i s i,0.0013474083971232176,0.9986525774002075,102.46378326416016,1.0,0.8,0.6
1,Awesome! I actually haven't been there. When did you go?,Tyler EndedShinDexDexDDexDArBArArArArArEleArArEleArArArArArArAr ArAr,3,tyler endedshindexdexddexdarbarararararelearareleararararararar arar,0.9989888072013855,0.0010111602023243904,12.58544921875,1.0,0.6666666666666666,0.3333333333333333
1,Can I add you on Facebook?," Yes, but it's private and only in the 'Friends & Friends list (Only for Friends of Friends of Friends of my friends only for your and",26,yes but it s private and only in the friends friends list only for friends of friends of friends of my friends only for your and,0.009629826992750168,0.9903702139854431,24.82984161376953,0.6923076923076923,0.8461538461538461,0.8461538461538461
1,Can I add you on Facebook?,"ILikeCIIA5L8P6RR8C5R8FD9., (,",2,ilikeciia l p rr c r fd,0.006534155458211899,0.9934658408164978,130.02723693847656,1.0,0.5,0.0
1,Can I add you on Facebook?, - - Click Here to add your name -PHW3050R24VV2DV200PC3040VLC30,9,click here to add your name phw r vv dv pc vlc,0.009543880820274353,0.9904561638832092,117.8951644897461,0.8888888888888888,0.8888888888888888,0.7777777777777778
1,Can I add you on Facebook?, Please do!<|endoftext|>AdvertisementsAdvertisements<|endoftext|>Advertisements<|endoftext|>AdvertisementsAdvertisementsAdvertisementsAdvertisementsAdvertisementsAdvertisementsAdvertisementsAdvertisementsAdvertisementsQuoteAdvertisementsAdvertisementsAdvertisementsAdvertisementsAdvertisementsAdvertisementsAdvertisementsAdvertisementsAdvertisementsAdvertisements,2,please do endoftext advertisementsadvertisements endoftext advertisements endoftext advertisementsadvertisementsadvertisementsadvertisementsadvertisementsadvertisementsadvertisementsadvertisementsadvertisementsquoteadvertisementsadvertisementsadvertisementsadvertisementsadvertisementsadvertisementsadvertisementsadvertisementsadvertisementsadvertisements,0.9932814836502075,0.006718456279486418,13.829927444458008,1.0,0.5,0.0
1,Can I add you on Facebook?, I'll reply. Like You Like Among Other Cont Inf That Inv Accessories C Inv Organ Mechan Mechan Mechan Mechan Inv Reg Reg Reg Exec Mechan Mechan,26,i ll reply like you like among other cont inf that inv accessories c inv organ mechan mechan mechan mechan inv reg reg reg exec mechan mechan,0.02701006457209587,0.9729899168014526,20.707759857177734,0.6153846153846154,0.8076923076923077,0.8846153846153846
1,Can I add you on Facebook?, - I will post a link in the bottom of this post in your profile and in this post.TheIICIH2S9,19,i will post a link in the bottom of this post in your profile and in this post theiicih s,0.9989424347877502,0.0010575337801128626,29.1282958984375,0.7894736842105263,0.9473684210526315,0.8947368421052632
1,Do you have any hobbies?, ( ( ( (? (? in the in/ (/. (? ( (??? /? (???? the,15,in the in the,0.0014622198650613427,0.9985377788543701,133.68016052246094,0.6,0.8666666666666667,0.8666666666666667
1,Do you have any hobbies?," ( r r r n "" z r n "" z — the the the — the the — the the — the — a",25,r r r n z r n z the the the the the the the the a,0.001178586739115417,0.9988214373588562,53.78947448730469,0.32,0.44,0.6
1,Do you have any hobbies?," (or plans for your future?) that I don,., ( (- (- in a and (, and. (",17,or plans for your future that i don in a and and,0.0010906965471804142,0.9989093542098999,68.61930084228516,0.8823529411764706,0.9411764705882353,0.8823529411764706
1,Do you have any hobbies?, ( (/ ( (/ ( ( to.((/(?(/??loc??loc((places?(places,7,to loc loc places places,0.2199665904045105,0.7800334095954895,319.25335693359375,0.42857142857142855,0.5714285714285714,0.5714285714285714
1,Do you have any hobbies?, ( ( ( in (/ ( ( the ( ( ( the ( ( ( a ( in ( the ( ( a ( the the ( (,28,in the the a in the a the the,0.0012693388853222132,0.9987305998802185,372.02679443359375,0.17857142857142858,0.35714285714285715,0.5714285714285714
1,What do you wanna eat?," I don`´´´´´' ` . ( I`<|endoftext|>The""The """"",7,i don i endoftext the the,0.001056217821314931,0.9989437460899353,252.0914306640625,1.0,0.8571428571428571,0.7142857142857143
1,What do you wanna eat?,", "" "" "" and "" "" a "" "" "".,.... (,. and and. and "" "" a.,",18,and a and and and a,0.00118555361405015,0.9988144636154175,58.744041442871094,0.4444444444444444,0.6666666666666666,0.8333333333333334
1,What do you wanna eat?," (. "".. e.. the,., and, "" ""-, "" "" the a... and the. the",14,e the and the a and the the,0.0013124225661158562,0.9986875653266907,42.75202560424805,0.7857142857142857,0.9285714285714286,0.8571428571428571
1,What do you wanna eat?," and "", "" ( "".. "",... ( "". "" and, ( "" "".. "", the. ( """,17,and and the,0.0014232770772650838,0.9985767602920532,53.44057083129883,0.5294117647058824,0.8823529411764706,0.8823529411764706
1,What do you wanna eat?," "" and ( "" a a "", the,,, the a,, a ( "" a. "" "" a a: a ( """,21,and a a the the a a a a a a,0.001170018338598311,0.9988300204277039,65.65851593017578,0.47619047619047616,0.7619047619047619,0.8571428571428571
1,What do you wanna eat?,".. I I. a., and a ( a a ( and and,. and,,. in ( a, and,. a",18,i i a and a a a and and and in a and a,0.0013950737193226814,0.998604953289032,111.6095199584961,0.6111111111111112,0.8888888888888888,0.8888888888888888
1,What are your plans this week?,ITheTheA A A A in the a a A. II I. ITheTheA A a a A A I I,19,ithethea a a a in the a a a ii i ithethea a a a a a i i,0.0013346390333026648,0.9986653327941895,61.52616500854492,0.47368421052631576,0.7368421052631579,0.8947368421052632
1,What are your plans this week?,"AndTheTheTheITheyititIt I-It's just a simple! I'll do it for you, I don'`t",12,andthethetheitheyititit i it s just a simple i ll do it for you i don t,0.131928488612175,0.8680714964866638,40.99750518798828,1.0,0.9166666666666666,0.8333333333333334
1,What are your plans this week?,TheATheAATheaAATheAAThe thea anda a the a the a a a the a a a the,15,theatheaatheaaatheaathe thea anda a the a the a a a the a a a the,0.0012411694042384624,0.9987587928771973,20.561124801635742,0.3333333333333333,0.4,0.5333333333333333
1,What are your plans this week?,WhatWhatHowHowWhatItThisItTheTheThereitisitititititTheItItitITitITITITITA,1,whatwhathowhowwhatitthisitthethethereitisititititittheititititititititita,0.48425567150115967,0.5157443284988403,7.376278877258301,1.0,0.0,0.0
1,What are your plans this week?,ThisForTheItTheIThereTheItTheItThisItItTheTheIThereItTheItTheIThereTheIItIThe,1,thisfortheittheitheretheittheitthisititthetheithereittheittheitheretheiitithe,0.7159326076507568,0.2840673625469208,9.662346839904785,1.0,0.0,0.0
1,What are your plans this week?,WhatItItWhatItYouWhatYouKnowYouIt WhatYouKnow YouKnow YouItIt WhatItItYouWhat you(How it,7,whatititwhatityouwhatyouknowyouit whatyouknow youknow youitit whatitityouwhat you how it,0.31179362535476685,0.6882063746452332,17.753963470458984,1.0,0.8571428571428571,0.7142857142857143
1,Awesome! I actually haven't been there. When did you go?," Where are in the t, they can be in the to the to the to the to a to the to to the to to the the to the to to to the to the",35,where are in the t they can be in the to the to the to the to a to the to to the to to the the to the to to to the to the,0.0010864079231396317,0.9989136457443237,9.884444236755371,0.2857142857142857,0.4,0.5428571428571428
1,Awesome! I actually haven't been there. When did you go?,SaintDepDex EndedIf D Until Ever Orc Until In Never Ever Orc Never Ever Orc Never Orc Never Never Occ Never Never Saint Never Never Orc Occ Occ Never Never Occ Orc,31,saintdepdex endedif d until ever orc until in never ever orc never ever orc never orc never never occ never never saint never never orc occ occ never never occ orc,0.9806784987449646,0.019321469590067863,17.14295768737793,0.3225806451612903,0.6129032258064516,0.8064516129032258
1,Awesome! I actually haven't been there. When did you go?,OriginallyShin EndedBAr EndedHol EndedArDex DDexD DArBB ArArArBBArBArB BArBArArArArB,8,originallyshin endedbar endedhol endedardex ddexd darbb arararbbarbarb barbararararb,0.007205553352832794,0.9927944540977478,15.680624961853027,1.0,0.875,0.75
1,Awesome! I actually haven't been there. When did you go?," What time were we atC,Dex was.Constr/cA)E.Constexa/D/CEexelex.I am not a cex",10,what time were we atc dex was constr ca e constexa d ceexelex i am not a cex,0.962942361831665,0.037057649344205856,39.72996139526367,1.0,0.9,0.8
1,Awesome! I actually haven't been there. When did you go?,Tyler EndedShinDexDexDDexDArBArArArArArEleArArEleArArArArArArAr ArArAr Orc OrcArArAr,5,tyler endedshindexdexddexdarbarararararelearareleararararararar ararar orc orcararar,0.9989941716194153,0.0010058594634756446,11.448081016540527,1.0,0.8,0.6
1,Awesome! I actually haven't been there. When did you go?,DexMarshArBIfArDDexArSDexEleDexAr DDexArSArDexAr OrcAr OrcArTh Orc OrcThArTh OrcArTh,7,dexmarsharbifarddexarsdexeledexar ddexarsardexar orcar orcarth orc orctharth orcarth,0.0324462428689003,0.9675537943840027,16.75696563720703,0.8571428571428571,0.8571428571428571,0.7142857142857143
1,Can I add you on Facebook?," If so I, I,, it, it's is a very,,, and it's pretty nice to do it, very very, very nice to have your friend's",24,if so i i it it s is a very and it s pretty nice to do it very very very nice to have your friend s,0.7545106410980225,0.24548934400081635,33.78350067138672,0.7916666666666666,0.9166666666666666,0.9166666666666666
1,Can I add you on Facebook?,"CCGCTheGAdAAlB3B3G3R3G6B42G3,2,2G1R3",1,ccgcthegadaalb b g r g b g g r,0.037412770092487335,0.9625872373580933,147.0205078125,1.0,0.0,0.0
1,Can I add you on Facebook?,IWillIYouIYouTheInAItAYouYouFacebookItIsFacebookFacebookItIsTheInIItIItYouIfThisTheIItIThe,1,iwilliyouiyoutheinaitayouyoufacebookitisfacebookfacebookitistheiniitiityouifthistheiitithe,0.9290632605552673,0.07093676924705505,23.327116012573242,1.0,0.0,0.0
1,Can I add you on Facebook?, If you like my profile I would like you on the in the on on the as in in the on in in on the in.MarshDep���,26,if you like my profile i would like you on the in the on on the as in in the on in in on the in marshdep,0.9989500641822815,0.0010499791242182255,22.415285110473633,0.46153846153846156,0.7692307692307693,0.8846153846153846
1,Can I add you on Facebook?, - I will post a link in the bottom of this post in your profile and in this post.TheIICIH2S9M5T5NU,19,i will post a link in the bottom of this post in your profile and in this post theiicih s m t nu,0.9989404082298279,0.0010596233187243342,31.452497482299805,0.7894736842105263,0.9473684210526315,0.8947368421052632
1,Can I add you on Facebook?,theIAlMW2I4N3LNN4WN1S1.2.3.0:2.3,1,theialmw i n lnn wn s,0.004982317332178354,0.9950177073478699,57.810855865478516,1.0,0.0,0.0
1,Do you have any hobbies?, ( in the in/ ( (. ( ( ( to. ( for the ( a. ( a ( the e s n s i n ( e s s e e,31,in the in to for the a a the e s n s i n e s s e e,0.001082129660062492,0.9989179372787476,84.7882080078125,0.41935483870967744,0.9032258064516129,0.9354838709677419
1,Do you have any hobbies?," ( ( (/ ( ( to ( ( to. ( ( ( ( ( ( ( ( ( ( to ( ( ( ( the ( ( ( ( ( ( (,",32,to to to the,0.0011961745331063867,0.9988038539886475,271.19549560546875,0.1875,0.3125,0.4375
1,Do you have any hobbies?," ( ( ( ( ( (/ a ( in (/ (, the ( ( ( ( ( ( (/ ( in ( (/ (, ( (( ( (",28,a in the in,0.0010603837436065078,0.998939573764801,336.79864501953125,0.25,0.5,0.6785714285714286
1,Do you have any hobbies?," ( z "" "" to the you the the the a a the to your you you you you all the the a you all this you a you the a a you the all",35,z to the you the the the a a the to your you you you you all the the a you all this you a you the a a you the all,0.0011092119384557009,0.9988908171653748,24.913166046142578,0.2857142857142857,0.6285714285714286,0.8285714285714286
1,What do you wanna eat?," "" in "" I ""... ( and "" and "" and "" "" "".. "" "" "" and "" and "" "" "" and "" "" and and and """,30,in i and and and and and and and and and,0.022018060088157654,0.9779819846153259,28.624427795410156,0.23333333333333334,0.4,0.5666666666666667
1,What do you wanna eat?,",..... "" ( a ed ed by. ed "" ed a ed ed "" "" ed "" a ed "" ed a "" ed ed a ed a "" e-",30,a ed ed by ed ed a ed ed ed a ed ed a ed ed a ed a e,0.9975879192352295,0.0024121396709233522,30.634599685668945,0.23333333333333334,0.4666666666666667,0.7666666666666667
1,What do you wanna eat?," "" "" in a and "" "" and "". ""..., "" in ""...... "" "" "" "" and... "". """,20,in a and and in and,0.0011520830448716879,0.9988478422164917,19.183332443237305,0.4,0.7,0.85
1,What do you wanna eat?, What would your food needs would be for at your current needs and your needs?F<|endoftext|>A100-100C1.1/. 2.. 2.-,17,what would your food needs would be for at your current needs and your needs f endoftext a c,0.021322259679436684,0.9786777496337891,37.981502532958984,0.7647058823529411,0.9411764705882353,0.8823529411764706
1,What do you wanna eat?,".. I I. a., and a ( a a ( and and,. and,,. in ( a, and,. a a. (, a,",21,i i a and a a a and and and in a and a a a,0.001437692902982235,0.9985622763633728,101.4993896484375,0.6190476190476191,0.9047619047619048,0.9047619047619048
1,What do you wanna eat?,"., "" "", a, the "" "" a and the the "" ( the and the ( "" the "" and "" "" the "" and "" the a and the and",32,a the a and the the the and the the and the and the a and the and,0.0012657545739784837,0.9987342953681946,37.17245864868164,0.25,0.59375,0.8125
1,What are your plans this week?,WhatWhatWhatIfIIThisThisThisYouThereItYouThereIf youIWhatyou'reTheWhat IYouYouWhatI youYouYouYou you you you the,8,whatwhatwhatifiithisthisthisyouthereityouthereif youiwhatyou rethewhat iyouyouwhati youyouyouyou you you you the,0.0010906965471804142,0.9989093542098999,16.460697174072266,0.75,0.75,0.75
1,What are your plans this week?,WeWeItItWeWhatWhyWhyYourYouYourItYourYouYourThisYourWeTheWe YourWhatYou yourWhatYou theYou. You've got to see it,9,weweititwewhatwhywhyyouryouyourityouryouyourthisyourwethewe yourwhatyou yourwhatyou theyou you ve got to see it,0.004830824211239815,0.9951691031455994,17.8853702545166,1.0,0.8888888888888888,0.7777777777777778
1,What are your plans this week?,ItItItThatYouYouAndTheTheThereIsAWhatThereThereItThereItThereItThereThereThereItItThereItThereItThereTheItThereItWhat,1,itititthatyouyouandthethethereisawhattherethereitthereitthereittheretherethereititthereitthereittheretheitthereitwhat,0.5987293124198914,0.4012707471847534,12.449211120605469,1.0,0.0,0.0
1,What are your plans this week?,TheThereTheThereItititit's a new and new thing going to be in the area of being a part in. theGDWe have the we,21,thetherethethereitititit s a new and new thing going to be in the area of being a part in thegdwe have the we,0.0010796644492074847,0.9989203214645386,18.26329231262207,0.8571428571428571,0.9523809523809523,0.9047619047619048
1,What are your plans this week?,WhatItItWhatItYouWhatYouKnowYouIt WhatYouKnow YouKnow YouItIt WhatItItYouWhat you(How it you you youYou (How,11,whatititwhatityouwhatyouknowyouit whatyouknow youknow youitit whatitityouwhat you how it you you youyou how,0.011184821836650372,0.9888152480125427,17.512794494628906,0.9090909090909091,0.9090909090909091,0.8181818181818182
1,What are your plans this week?,WeWeItTheTheTheTheTheIt's a and I can't get enough of what's here in this video game site. We've taken a little time to all,22,weweitthethethethetheit s a and i can t get enough of what s here in this video game site we ve taken a little time to all,0.8346738815307617,0.1653260737657547,23.637136459350586,0.9545454545454546,0.9545454545454546,0.9090909090909091
1,Awesome! I actually haven't been there. When did you go?, What were some of your reasons for you? Did you go to your own my time to your time? Were you and your time at your time?AsWhenItItWhatWhatYouThereThereYouDid,27,what were some of your reasons for you did you go to your own my time to your time were you and your time at your time aswhenititwhatwhatyoutherethereyoudid,0.8105431795120239,0.18945683538913727,16.873947143554688,0.7407407407407407,0.9259259259259259,0.9259259259259259
1,Awesome! I actually haven't been there. When did you go?,"OriginallyDepDex Ended Ended Ended Orc Ended Credits Er Er Orc. D/E, Orc, Orc 5 Orc, E 5/ 5 Orc/, Orc 5. 5./// 4 D",24,originallydepdex ended ended ended orc ended credits er er orc d e orc orc orc e orc orc d,0.2896103858947754,0.7103896141052246,39.292781829833984,0.6666666666666666,0.9166666666666666,0.9166666666666666
1,Awesome! I actually haven't been there. When did you go?,SaintDexDexDexArDexDexThDexDexDexDexDex5DexDexDexDexAr35DexDexDexDex30DexDex5ArDex5DexDexThAr30DexDexDDex,1,saintdexdexdexardexdexthdexdexdexdexdex dexdexdexdexar dexdexdexdex dexdex ardex dexdexthar dexdexddex,0.9989951252937317,0.0010049078846350312,23.012868881225586,1.0,0.0,0.0
1,Awesome! I actually haven't been there. When did you go?,ShinDexSaintDepDepDexDepSDexArDexDexEleConstDexDexDexArUndDEleEleArArArUlEleEleArUlUndArArUlArUlUndUlDexDex,1,shindexsaintdepdepdexdepsdexardexdexeleconstdexdexdexarunddeleelearararuleleelearulundararularulunduldexdex,0.5965797305107117,0.40342026948928833,20.013696670532227,1.0,0.0,0.0
1,Awesome! I actually haven't been there. When did you go?,Saint EndedSaintOriginallyDex EndedDexArArArArThDArArAr DAr Ar ArArThArSArThThArArAr ArThArArThArArArArTh,7,saint endedsaintoriginallydex endeddexararararthdararar dar ar arartharsarththararar arthararthararararth,0.497354120016098,0.5026459097862244,12.3888521194458,1.0,0.8571428571428571,0.7142857142857143
1,Awesome! I actually haven't been there. When did you go?, I didn Comments J Comments J Archive Comments Comments J<|endoftext|> Comments Editor Editor<|endoftext|> Comments Reporter Review<|endoftext|><|endoftext|> Died Editor Comments Editor Comments Editor Archive Comments<|endoftext|><|endoftext|> Comments Reporter Editor Archive Died Archive Comments Comments Archive<|endoftext|> Comments Was,35,i didn comments j comments j archive comments comments j endoftext comments editor editor endoftext comments reporter review endoftext endoftext died editor comments editor comments editor archive comments endoftext endoftext comments reporter editor archive died archive comments comments archive endoftext comments was,0.9617751836776733,0.03822480887174606,30.63614845275879,0.4,0.7428571428571429,0.8857142857142857
1,Can I add you on Facebook?," If you are interested please click on the contact me link and click ""Submit"". I will see if I can i will add to a your my the email me my email my email me email my my email my",40,if you are interested please click on the contact me link and click submit i will see if i can i will add to a your my the email me my email my email me email my my email my,0.00870975386351347,0.9912902116775513,22.110933303833008,0.625,0.85,0.925
1,Can I add you on Facebook?, ( imm ( barbar barbar barbar noble barbar em imm imm rog barbar imm barbar evil barbar imm barbar imm evil imm evil imm barbar imm imm rog barbar evil barbar evil noble barbar noble barbar rog barbar evil barbar imm,41,imm barbar barbar barbar noble barbar em imm imm rog barbar imm barbar evil barbar imm barbar imm evil imm evil imm barbar imm imm rog barbar evil barbar evil noble barbar noble barbar rog barbar evil barbar imm,0.1953812539577484,0.804618775844574,16.38534164428711,0.17073170731707318,0.4634146341463415,0.7073170731707317
1,Can I add you on Facebook?," You have have we will if you are going on this and this I..D if you, if.Dur IIND it NEXT I.WI am I.E.IYARII.",23,you have have we will if you are going on this and this i d if you if dur iind it next i wi am i e iyarii,0.001093894592486322,0.998906135559082,30.60524559020996,0.8695652173913043,0.9565217391304348,0.9130434782608695
1,Can I add you on Facebook?," Yes, please send us your message. ( ( "" the a in a a a. "" "" "" ( "" a "" "" "", "" the "", "" in "", the "", a """,34,yes please send us your message the a in a a a a the in the a,0.001166091882623732,0.998833954334259,33.93505096435547,0.38235294117647056,0.7647058823529411,0.9411764705882353
1,Can I add you on Facebook?,TheFirstInThisOrOtherAndIOneAThThH4ATheAtheAtheAnAlAntanthanantantAntanthanthAnAntantAntantAntanthAntantant,1,thefirstinthisorotherandioneaththh atheatheatheanalantanthanantantantanthanthanantantantantantanthantantant,0.7872911095619202,0.21270892024040222,9.578136444091797,1.0,0.0,0.0
1,Can I add you on Facebook?," I'd be happy...You,Thank you.I.I.CommentsCommentcommentCommentsCommentcommentCommentsCommentcommentCommentcommentCommentcommentCommentsCommentCommentCommentcomment",4,i d be happy you thank you i i commentscommentcommentcommentscommentcommentcommentscommentcommentcommentcommentcommentcommentcommentscommentcommentcommentcomment,0.022620849311351776,0.9773792028427124,13.528284072875977,1.0,0.75,0.5
1,Do you have any hobbies?, (. (? ( to you?/?? ( to the or to the and to the or to the? to?//? or? to or? to ( or?? to?,25,to you to the or to the and to the or to the to or to or to or to,0.001097173080779612,0.9989027976989746,39.17316436767578,0.52,0.72,0.84
1,Do you have any hobbies?," ( ( ( (? ( ( if the to/ ( ( ( the ( (, (, ( ( ( ( ( ( ( ( a ( ( ( ( ( ( (, ( a a (",36,if the to the a a a,0.0012781175319105387,0.9987218976020813,186.14869689941406,0.19444444444444445,0.4166666666666667,0.6388888888888888
1,Do you have any hobbies?," ( ( to.( you ( the??/ to, to.??? to the??.?/ or (??/?? the?? or the???/",15,to you the to to to the or the or the,0.0011170066427439451,0.9988829493522644,75.43873596191406,0.8,0.9333333333333333,0.8666666666666667
1,Do you have any hobbies?," ( ( (?., (.( or?????./?(?? ( ( ( (??,??,?? ( (?? (? (?",13,or,0.40271762013435364,0.5972824096679688,105.48043060302734,0.5384615384615384,0.7692307692307693,0.8461538461538461
1,Do you have any hobbies?," ( ( ( ( ( if (,. ( ( ( ( the ( ( (, ( to ( ( ( ( ( ( ( the (,. ( ( ( (, (, ( (,",33,if the to the,0.004536183085292578,0.9954637885093689,208.44573974609375,0.18181818181818182,0.36363636363636365,0.5454545454545454
1,Do you have any hobbies?," (. (. ( in your ( if ( ( ( ( ( ( ( to ( ( ( ( ( ( ( ( ( (, ( (, ( (,,,,,,, (",30,in your if to,0.4087235927581787,0.5912763476371765,185.60458374023438,0.26666666666666666,0.4666666666666667,0.5333333333333333
1,What do you wanna eat?, You can't really say for certain partsIfBDCR.CR-CR the and 7Dex GRAN 3 C. 7.1-M4C-8C-2-D4.,14,you can t really say for certain partsifbdcr cr cr the and dex gran c m c c d,0.00520556652918458,0.9947944283485413,55.03460693359375,1.0,0.9285714285714286,0.8571428571428571
1,What do you wanna eat?," "". a "" "" "" d "" "" "". "" "" "" "" "". "" "" "" "" "" "" "" "" "" "" "".. "" "".. "" "".. "" "".""",31,a d,0.013815158978104591,0.9861848950386047,10.81038761138916,0.1935483870967742,0.3225806451612903,0.41935483870967744
1,What do you wanna eat?,". "" "".... "". "" and the I the "".................................................................................",10,and the i the,0.0013153121108189225,0.9986847043037415,5.221920490264893,0.8,0.9,0.8
1,What do you wanna eat?," "" and. and "".. (.. "".. "". and in as a "" "". "" ( ( as a "" "" and,. and, "". "" "" or, and.. """,28,and and and in as a as a and and or and,0.0014467451255768538,0.9985532164573669,54.64792251586914,0.5,0.8214285714285714,0.8928571428571429
1,What do you wanna eat?,". ( ( (, ""., "" "" (,, "" "" "" "" and (, (, ( ( ; ( ( ( "" "" "" (, "" "" "" ( "" "",,",31,and,0.5993591547012329,0.4006408751010895,62.473934173583984,0.2903225806451613,0.6129032258064516,0.8387096774193549
1,What do you wanna eat?," ""... "" in ( ( and. and. and ed and and ed ed. and e, and ed. and. ed and,, and the ed ed ed ed. and ed and",29,in and and and ed and and ed ed and e and ed and ed and and the ed ed ed ed and ed and,0.0011817635968327522,0.9988182187080383,15.544334411621094,0.3793103448275862,0.7586206896551724,0.8620689655172413
1,What are your plans this week?,ThisThisThisYouItItTheIIYouTheWhatTheATheWhatAItItItItIYouBTheTheBI theYouTheIItItTheWhatIItAThe The,3,thisthisthisyouitittheiiyouthewhattheathewhataititititiyoubthethebi theyoutheiititthewhatiitathe the,0.11403221637010574,0.8859677910804749,14.047736167907715,1.0,0.6666666666666666,0.3333333333333333
1,What are your plans this week?,"InInInThisIsWeInWeInIItItIt's the first half of season of season of our first two, and this is it, and we are already at the point where it doesn",26,inininthisisweinweiniititit s the first half of season of season of our first two and this is it and we are already at the point where it doesn,0.3085286319255829,0.6914713382720947,20.549301147460938,0.7692307692307693,0.8846153846153846,0.8846153846153846
1,What are your plans this week?,"ThisThisTheTheThereItTheTheyThereTheItThisisTheTheTheWhat is the only thing to take place on the 5th and the 6, the 6th, the 7, the 9",20,thisthisthethethereitthetheytheretheitthisisthethethewhat is the only thing to take place on the th and the the th the the,0.0011055892100557685,0.9988943934440613,17.10298728942871,0.75,0.95,0.9
1,What are your plans this week?,"TheTheWhatTheWhatIIThereTheyITheyYou know I've been a pretty, well, un-decent of, and very good of, of course, and for the last of late",21,thethewhatthewhatiitheretheyitheyyou know i ve been a pretty well un decent of and very good of of course and for the last of late,0.0010899874614551663,0.9989100694656372,21.46736717224121,0.8571428571428571,0.9523809523809523,0.9047619047619048
1,What are your plans this week?,ITheItTheThisWeWeAndItTheItWeItItItItTheItWeTheThisWeItTheWeTheItTheThereItTheWeItWeTheWeItTheWeItThe,1,itheitthethisweweandittheitweitititittheitwethethisweitthewetheitthethereittheweitwetheweittheweitthe,0.5896810293197632,0.4103190004825592,9.259003639221191,1.0,0.0,0.0
1,What are your plans this week?,"TheTheTheAA1A-a1a1-A1A-b1a1a-A is a 1.5"" 1.1.3 inch drive for a 2D",10,thethetheaa a a a a a b a a a is a inch drive for a d,0.002502597402781248,0.9974973797798157,38.27499771118164,0.9,0.9,0.8
1,Awesome! I actually haven't been there. When did you go?, I haven´´9ISoWhenThatTheYouIt't'tItItIYouyouityouyouIyouyou I I It I I IDYou itYou youIt IYou Ityou IyouyouIt itI I,15,i haven isowhenthattheyouit t tititiyouyouityouyouiyouyou i i it i i idyou ityou youit iyou ityou iyouyouit iti i,0.0074836937710642815,0.9925163388252258,17.151630401611328,0.6666666666666666,0.8666666666666667,0.8666666666666667
1,Awesome! I actually haven't been there. When did you go?," I've heard the first time, I went in 2004. I went to the other places with other people from the old friends at the US and the USCCP. We did a little bit on this and we talked to various USCC",41,i ve heard the first time i went in i went to the other places with other people from the old friends at the us and the usccp we did a little bit on this and we talked to various uscc,0.011012209579348564,0.9889877438545227,22.075366973876953,0.7804878048780488,0.9512195121951219,0.9512195121951219
1,Awesome! I actually haven't been there. When did you go?," What time were we atC,Dex was.Constr/cA)E.Constexa/D/CEexelex.I am not a cexaexomorercommnntn. ( Or",12,what time were we atc dex was constr ca e constexa d ceexelex i am not a cexaexomorercommnntn or,0.99751877784729,0.002481251023709774,39.27141571044922,1.0,0.9166666666666666,0.8333333333333334
1,Awesome! I actually haven't been there. When did you go?," What happened on Friday night/1st, I was on a with/. I have to make it to the gym on Monday, and when will be back in the next week and I can't be on my day? (and I",38,what happened on friday night st i was on a with i have to make it to the gym on monday and when will be back in the next week and i can t be on my day and i,0.9989166259765625,0.001083438633941114,27.482147216796875,0.7368421052631579,0.9736842105263158,0.9473684210526315
1,Awesome! I actually haven't been there. When did you go?, I have been here about 7 months.ItIfIIA<|endoftext|>ITACI I( IIIIIIIIII(,9,i have been here about months itifiia endoftext itaci i iiiiiiiiii,0.8062947988510132,0.19370517134666443,85.1453857421875,1.0,0.8888888888888888,0.7777777777777778
1,Awesome! I actually haven't been there. When did you go?, Where do i ya ya ya ya? ya ye ye ye ye ye ye yeye ye ye ya ya ya ya ye ye ye ye ye ya.ye ya ye ya ya ye ye ye ya ye ya ya ye ye ya ye y ye,44,where do i ya ya ya ya ya ye ye ye ye ye ye yeye ye ye ya ya ya ya ye ye ye ye ye ya ye ya ye ya ya ye ye ye ya ye ya ya ye ye ya ye y ye,0.006825189106166363,0.9931748509407043,6.485018730163574,0.20454545454545456,0.3409090909090909,0.5
1,Can I add you on Facebook?," I'll post the link here soon. And please add the email below in the ""message me with the details""We<|endoftext|>©Gauccaris-Sagalacross/Policiociones. De",20,i ll post the link here soon and please add the email below in the message me with the details we endoftext gauccaris sagalacross policiociones de,0.001208803616464138,0.9987912774085999,36.83351516723633,0.85,0.95,0.9
1,Can I add you on Facebook?, Please do.<|endoftext|><|endoftext|>Advertisements<|endoftext|>Advertisements<|endoftext|><|endoftext|><|endoftext|>Advertisements<|endoftext|><|endoftext|>Advertisements<|endoftext|>////////////////////////////////////////////////////////////////////////////////////////////////PS<|endoftext|>PS<|endoftext|>AdvertisementsAdvertisements////////////////////////////////PSAdvertisements SPORTS STE STE SPORTS<|endoftext|>PS STE Saints Saints STE Saints Saints SA Saints STE PS Saints Saints Saints,19,please do endoftext endoftext advertisements endoftext advertisements endoftext endoftext endoftext advertisements endoftext endoftext advertisements endoftext ps endoftext ps endoftext advertisementsadvertisements psadvertisements sports ste ste sports endoftext ps ste saints saints ste saints saints sa saints ste ps saints saints saints,0.998094379901886,0.0019056176533922553,10.31788444519043,0.42105263157894735,0.6842105263157895,0.8421052631578947
1,Can I add you on Facebook?," If you like my profile I would like you on the in the on on the as in in the on in in on the in.MarshDep���������., D ( ( (",30,if you like my profile i would like you on the in the on on the as in in the on in in on the in marshdep d,0.9980612397193909,0.0019387243082746863,28.998455047607422,0.4666666666666667,0.7666666666666667,0.9
1,Can I add you on Facebook?, ( ( ris barbar rog det rog noble rog imm imm rog imm rog noble barbar rog det barbar noble imm barbar rog imm evil imm rog evil imm nobility rog noble noble rog noble barbar noble noble rog noble barbar rog noble noble rog noble noble,47,ris barbar rog det rog noble rog imm imm rog imm rog noble barbar rog det barbar noble imm barbar rog imm evil imm rog evil imm nobility rog noble noble rog noble barbar noble noble rog noble barbar rog noble noble rog noble noble,0.9459577798843384,0.054042212665081024,21.227874755859375,0.19148936170212766,0.46808510638297873,0.7446808510638298
1,Can I add you on Facebook?," Please tell us about your experience! (or send you a message! If it is an email, it means it was a personal message that wasn × × ­ infrared ­ ­ ×´ ­ ­ infrared´´ […] infrared infrared®, →´",39,please tell us about your experience or send you a message if it is an email it means it was a personal message that wasn infrared infrared infrared infrared,0.0015039672143757343,0.9984960556030273,35.881004333496094,0.7692307692307693,0.9487179487179487,0.9487179487179487
1,Can I add you on Facebook?," rog em imm grat imm det imm imm det evil det imm det imm det imm imm det em em evil det the the the the a.. a the a the, the a a the a the a the a, a the,",42,rog em imm grat imm det imm imm det evil det imm det imm det imm imm det em em evil det the the the the a a the a the the a a the a the a the a a the,0.0011677907314151525,0.9988321661949158,14.885444641113281,0.2619047619047619,0.5476190476190477,0.7380952380952381
1,Do you have any hobbies?, (? (? if a to in to to the to in in the to the on in to the the in the to to the the to to to the the to on to the the a to in the to in the to in,45,if a to in to to the to in in the to the on in to the the in the to to the the to to to the the to on to the the a to in the to in the to in,0.0010783139150589705,0.9989217519760132,12.223111152648926,0.15555555555555556,0.4,0.6444444444444445
1,Do you have any hobbies?," ( ( the ( (, (, ( ( (? ( ( ( ( a ( ( ( ( ( ( ( e? a ( ( ( ( )??? a???? (? a?? 1 an",33,the a e a a a an,0.001271844026632607,0.9987280964851379,251.8424835205078,0.3333333333333333,0.5454545454545454,0.6666666666666666
1,Do you have any hobbies?," ( ( ( ( ( (/ a ( in (/ (, the ( ( ( ( ( ( (/ ( in ( (/ (, ( (( ( ( ( ( in ( (/ (, ( ( ( (",38,a in the in in,0.0011541872518137097,0.9988458156585693,288.64495849609375,0.18421052631578946,0.3684210526315789,0.5526315789473685
1,Do you have any hobbies?," ( ( ( the/ the(, ( ( ( ( (/ to ( ( ( ( ( ( ( ( ( ( ( (, (,, the, the/ and (,, (, ( ; ( (,,",33,the the to the the and,0.0012808045139536262,0.9987192153930664,112.59381103515625,0.30303030303030304,0.5454545454545454,0.6060606060606061
1,Do you have any hobbies?," (( ( ( ( ( ( if you ( ( the ( ( one ( ( in ( ( ( e ( ( ( ( ( ( to ( ( ( ( ( ( ( ( a (, ( (, ( (, a",43,if you the one in e to a a,0.19581830501556396,0.804181694984436,499.5584411621094,0.2558139534883721,0.46511627906976744,0.627906976744186
1,Do you have any hobbies?, ( (( ((? ( ( ( ( ( ( ( ( to ( ( ( ( ( ( (( ( ( ( ( ( ( ( ( (( ( ( ( (( ( ( (( ( (( ) ) ) ) ) ( 5,44,to,0.7544851899147034,0.24551483988761902,70.21159362792969,0.13636363636363635,0.25,0.36363636363636365
1,What do you wanna eat?," "" and "" "" "" a. "" "" "" the and and "" "" "" and "" "" a and "" "" "" "" "" "". "" I "" "" and and "" and "". a. and "".. ""..",39,and a the and and and a and i and and and a and,0.0012004084419459105,0.9987995624542236,22.141592025756836,0.20512820512820512,0.48717948717948717,0.6666666666666666
1,What do you wanna eat?,". "" "", ( "" e, "" "", "" "" "", "" "" "", "" "" "", "" eD-30, "". "",.Const,Const ""D ""Const., "" """"A",25,e ed const const d const a,0.9964869022369385,0.003513115691021085,39.13035583496094,0.44,0.6,0.64
1,What do you wanna eat?, What would your food needs would be for at your current needs and your needs?F<|endoftext|>A100-100C1.1/. 2.. 2.- (1-0.2.8/1 (-,19,what would your food needs would be for at your current needs and your needs f endoftext a c,0.022439630702137947,0.9775604009628296,40.4724235534668,0.7894736842105263,0.9473684210526315,0.8947368421052632
1,What do you wanna eat?," What do y' yer yer yer be we say y' y's it is that I do I say, the answer.,, the answer that we say that we are the.... we?. the,",31,what do y yer yer yer be we say y y s it is that i do i say the answer the answer that we say that we are the we the,0.0011197921121492982,0.9988802075386047,21.288742065429688,0.6451612903225806,0.8709677419354839,0.9354838709677419
1,What do you wanna eat?," "" "", "" "" "" ( a "" "" and "" "".. and "" in the "" a. and "" and "" and ""--..,, "" and and "" "". "",,, the "" a",33,a and and in the a and and and and and the a,0.0012983226915821433,0.9987016916275024,38.631195068359375,0.36363636363636365,0.6666666666666666,0.8787878787878788
1,What do you wanna eat?," The answer may depend, but there are four types of options that may provide you some sort, or or "" or to, the "" and for "" and the a to, "" a or and to the "" and "" "" or to,",43,the answer may depend but there are four types of options that may provide you some sort or or or to the and for and the a to a or and to the and or to,0.0011682977201417089,0.9988316893577576,21.816438674926758,0.5581395348837209,0.8604651162790697,0.9069767441860465
1,What are your plans this week?,"TheTheThe""The""The""The""""B""TheC-D""E""The""The""The""The""CTheD""D""EThe""The""TheThe""The""BTheA",1,thethethe the the the b thec d e the the the the cthed d ethe the thethe the bthea,0.0014070796314626932,0.9985929131507874,11.02816104888916,1.0,0.0,0.0
1,What are your plans this week?,"TheAAAnandananatheanandanananatheandAr, and the. ( (1/22 in. 1...5,3.-1/ 1 5/.1/",9,theaaanandananatheanandanananatheandar and the in,0.005777944810688496,0.9942219853401184,27.067039489746094,1.0,0.8888888888888888,0.7777777777777778
1,What are your plans this week?,TheThereTheThereItititit's a new and new thing going to be in the area of being a part in. theGDWe have the we have some of the best to go on the list of the,33,thetherethethereitititit s a new and new thing going to be in the area of being a part in thegdwe have the we have some of the best to go on the list of the,0.0010605108691379428,0.9989394545555115,17.006210327148438,0.696969696969697,0.9393939393939394,0.9393939393939394
1,What are your plans this week?,"TheTheTheTheThe""ITheTheItITheItItTheTheThe""IThe""The""""IThe""TheThe""IThe""AThe""IThe""The""The""D""The""",1,thethethethethe ithetheititheititthethethe ithe the ithe thethe ithe athe ithe the the d the,0.0011029776651412249,0.9988969564437866,12.112244606018066,1.0,0.0,0.0
1,What are your plans this week?,TheItItIIIItIt's a little hard to-tweet on a new day of this new season- I'll try to-tweet something else...This is a tweet from TheI. I'll try,25,theititiiiitit s a little hard to tweet on a new day of this new season i ll try to tweet something else this is a tweet from thei i ll try,0.9989699125289917,0.0010300924768671393,28.02848243713379,0.76,0.92,0.92
1,What are your plans this week?,TheThisTheATheItItTheItThereItThereThereTheThisItItTheTheItATheItItTheItThereItsTheItsTheItThere TheTheTheItsTheTheItsTheItsTheItsTheItThere,2,thethistheatheitittheitthereittheretherethethisititthetheitatheitittheitthereitstheitstheitthere thethetheitsthetheitstheitstheitstheitthere,0.8673332929611206,0.13266673684120178,9.044076919555664,1.0,0.5,0.0
1,Awesome! I actually haven't been there. When did you go?, What's the plan? I haven` ­ ­``´´ِ``´`´´´`´`.`´`´´``´`.``´`.``´``.`.`.`´´``.`.`.```,7,what s the plan i haven,0.05051787197589874,0.9494820833206177,20.85686683654785,1.0,0.8571428571428571,0.7142857142857143
1,Awesome! I actually haven't been there. When did you go?,OriginallyShin EndedBAr EndedHol EndedArDex DDexD DArBB ArArArBBArBArB BArBArArArArBArBBB ArBArBArBBArArBArBArB,9,originallyshin endedbar endedhol endedardex ddexd darbb arararbbarbarb barbararararbarbbb arbarbarbbararbarbarb,0.010264690965414047,0.9897352457046509,12.582076072692871,1.0,0.8888888888888888,0.7777777777777778
1,Awesome! I actually haven't been there. When did you go?,"ShinShinDDex5B./ 5., /. 5. / 5.. 9.If.9/ 6 (B 5 ( 5 5 4/ 5. / / / / 2 / / 4 / /) 9 / / / /",30,shinshinddex b if b,0.9314653277397156,0.06853465735912323,123.94926452636719,0.5333333333333333,0.7333333333333333,0.8333333333333334
1,Awesome! I actually haven't been there. When did you go?,DexMarshArBIfArDDexArSDexEleDexAr DDexArSArDexAr OrcAr OrcArTh Orc OrcThArTh OrcArThArAr ArTh OrcAr ArThAr OrcTh ArArAr Ar D Th Orc,16,dexmarsharbifarddexarsdexeledexar ddexarsardexar orcar orcarth orc orctharth orcartharar arth orcar arthar orcth ararar ar d th orc,0.07180746644735336,0.9281925559043884,13.881732940673828,0.875,0.9375,0.875
1,Awesome! I actually haven't been there. When did you go?, I didn Died Editor Comments Editor Comments Editor Comments Comments<|endoftext|><|endoftext|> Comments Reporter : Archive Was<|endoftext|> Died Comments Archive<|endoftext|> Comments Was Comments Comments Editor Report Report Comments Editor Comments Editor Editor Was Comments Det Report Comments Comments Editor Comments Review Comments Comments Comments Comments Editor Comments Answers Comments Comments Reporter Review,50,i didn died editor comments editor comments editor comments comments endoftext endoftext comments reporter archive was endoftext died comments archive endoftext comments was comments comments editor report report comments editor comments editor editor was comments det report comments comments editor comments review comments comments comments comments editor comments answers comments comments reporter review,0.7286715507507324,0.27132850885391235,21.70431900024414,0.32,0.6,0.78
1,Awesome! I actually haven't been there. When did you go?,"TylerSaintDexMarshMarshDep--------------------------------------------------------�Ele�� TheS,/ACB9MTheS5D1D5S3. (1B-31S35/--,/1S/,A.SS",3,tylersaintdexmarshmarshdep ele thes acb mthes d d s b s s a ss,0.3069627583026886,0.6930372714996338,21.14596939086914,1.0,0.6666666666666666,0.3333333333333333
1,Can I add you on Facebook?, ( rog joy joy ( rog imm barbar rog imm em — det rog rog imm evil det evil barbar evil det barbar ( rog — imm imm barbar — — det — — — ter — rog — em ter rog — barbar — evil barbar ter barbar barbar — em evil,53,rog joy joy rog imm barbar rog imm em det rog rog imm evil det evil barbar evil det barbar rog imm imm barbar det ter rog em ter rog barbar evil barbar ter barbar barbar em evil,0.9977737069129944,0.0022262618876993656,45.01808547973633,0.18867924528301888,0.6981132075471698,0.9622641509433962
1,Can I add you on Facebook?,IWillIYouIYouTheInAItAYouYouFacebookItIsFacebookFacebookItIsTheInIItIItYouIfThisTheIItITheYouABIHWOBSWIBBBMIHWOBIH,1,iwilliyouiyoutheinaitayouyoufacebookitisfacebookfacebookitistheiniitiityouifthistheiititheyouabihwobswibbbmihwobih,0.5963595509529114,0.4036405086517334,23.842227935791016,1.0,0.0,0.0
1,Can I add you on Facebook?,AGDGVATGVYVATVATATGASVGAAVASAVGAAVGVASVBARVATGVAGATVAVGAVBVBVBVGATAVVAAVBATAVGAVBVGV,1,agdgvatgvyvatvatatgasvgaavasavgaavgvasvbarvatgvagatvavgavbvbvbvgatavvaavbatavgavbvgv,0.9832257628440857,0.01677420735359192,24.695295333862305,1.0,0.0,0.0
1,Can I add you on Facebook?,theIAlMW2I4N3LNN4WN1S1.2.3.0:2.3-2.2:2.23.,1,theialmw i n lnn wn s,0.005434319842606783,0.9945657253265381,39.47312545776367,1.0,0.0,0.0
1,Can I add you on Facebook?," I'll sendS-TheThisThisThe1-,,.-,.-,,,.-.,-,.., -,",3,i ll sends thethisthisthe,0.8066365718841553,0.1933634728193283,31.803007125854492,1.0,0.6666666666666666,0.3333333333333333
1,Can I add you on Facebook?, ( em rog barbar barbar ( det ( imm rog barbar barbar rog rog barbar barbar imm imm rog imm imm imm barbar rog rog imm barbar barbar barbar barbar rog rog barbar rog barbar rog rog imm barbar barbar rog ( det ( rog imm barbar rog barbar rog rog rog rog,53,em rog barbar barbar det imm rog barbar barbar rog rog barbar barbar imm imm rog imm imm imm barbar rog rog imm barbar barbar barbar barbar rog rog barbar rog barbar rog rog imm barbar barbar rog det rog imm barbar rog barbar rog rog rog rog,0.9984257221221924,0.0015742554096505046,16.99506378173828,0.11320754716981132,0.32075471698113206,0.5849056603773585
1,Do you have any hobbies?," [ ( to ( the (, ( the (( ( to ( (/( (( ( ( (( ( ( to( ( to. ( ( (( ( (( (( ( (( (( (( to (( (( ( (( (( (( ( ((, (( (( (,",44,to the the to to to to,0.0011555870296433568,0.9988443851470947,274.4508972167969,0.22727272727272727,0.5,0.7045454545454546
1,Do you have any hobbies?," ( z "" more a good "" good all blank blank a bad good the bad "" bad bad good good a good good the good a good a good "" good bad the good good bad "" good bad "" good bad "" bad good good bad good bad good "" a",53,z more a good good all blank blank a bad good the bad bad bad good good a good good the good a good a good good bad the good good bad good bad good bad bad good good bad good bad good a,0.037549760192632675,0.9624502658843994,14.687200546264648,0.18867924528301888,0.4528301886792453,0.7169811320754716
1,Do you have any hobbies?," ( z "" "" to the you the the the a a the to your you you you you all the the a you all this you a you the a a you the all the you you a this you all you all an all a all you all you you all",53,z to the you the the the a a the to your you you you you all the the a you all this you a you the a a you the all the you you a this you all you all an all a all you all you you all,0.0010805997299030423,0.9989193677902222,19.995214462280273,0.20754716981132076,0.5283018867924528,0.8301886792452831
1,Do you have any hobbies?," ( ( (, (( ( ( ( to ( ( the ( ( in ( in the ( ( the ( ( ( ( ( ( ( ( ( ( to ( ( the (, the ((, the the ( a ( ((, the a the (( the",48,to the in in the the to the the the the a the a the the,0.0010824151104316115,0.9989175796508789,461.787841796875,0.16666666666666666,0.4791666666666667,0.625
1,Do you have any hobbies?," ( ( to ( to ( ( ( ( to, ( ( in to/ ( you in ( to to ( ( ( ( ( ( ( ( ( ( at in ( ( to in ( ( ( ( ( ( ( ( ( ( to ( ( ( to",51,to to to in to you in to to at in to in to to,0.0010689450427889824,0.9989309906959534,296.21282958984375,0.13725490196078433,0.29411764705882354,0.45098039215686275
1,What do you wanna eat?," What's in this is the most dangerous place on the moon?""— Dr Cernilumnithnth Nithynthnnnth ThothNothilminna Cormyr is now the only half-elf halfling in the",24,what s in this is the most dangerous place on the moon dr cernilumnithnth nithynthnnnth thothnothilminna cormyr is now the only half elf halfling in the,0.008382958360016346,0.9916170239448547,21.3123779296875,0.7916666666666666,0.9583333333333334,0.9166666666666666
1,What do you wanna eat?," "" "" in a and "" "" and "". ""..., "" in ""...... "" "" "" "" and... "". "" "" "" and... ""....St. "". the "".",27,in a and and in and and st the,0.001572523615323007,0.9984275102615356,19.272113800048828,0.37037037037037035,0.6666666666666666,0.8148148148148148
1,What do you wanna eat?," "" "" "". a. "".. and "" a l and d c d p e e e e e e e i e i a l "" y l y. o i "". i. a e. o a l e i n a a l",45,a and a l and d c d p e e e e e e e i e i a l y l y o i i a e o a l e i n a a l,0.0011585464235395193,0.9988414645195007,70.48262786865234,0.4,0.7555555555555555,0.8666666666666667
1,What do you wanna eat?,"., "" "", a, the "" "" a and the the "" ( the and the ( "" the "" and "" "" the "" and "" the a and the and "" "" a a and "" "", ( an. a "" and "" and "" """,48,a the a and the the the and the the and the and the a and the and a a and an a and and,0.0011221278691664338,0.9988778233528137,37.554290771484375,0.1875,0.5,0.7708333333333334
1,What do you wanna eat?," ( and (, ( and and and and, "" and, and ( and a in and a, 5 and.... 3... and... and and,.., 3 the and and and. and.. and and.",31,and and and and and and and and a in and a and and and and the and and and and and and,0.0011001323582604527,0.9988998174667358,19.04228401184082,0.5483870967741935,0.8064516129032258,0.9354838709677419
1,What do you wanna eat?," ( and (,. and and (, (,, c, d. ( s d. and, c ( s the c ( and (, ( a d s and, ( e e e e, (, d e d e e., d",38,and and and c d s d and c s the c and a d s and e e e e d e d e e d,0.0013254566583782434,0.9986746311187744,60.46528625488281,0.42105263157894735,0.8157894736842105,0.9473684210526315
1,What are your plans this week?,TheATheAAAAANANANANAAAAAAAAAAAANDTHETHEIHEHAAAAAAAAAANDTHANDTHEAAAAAAAAAAAAAAAAAAAAAAAAAAAAAAAAAAAAAAAAAAAAAAAAAAAAAAAAAAAAAAAAAAAAAAAAAAAAAAAAAAAAAAAAAAAAAAANDASAAAAAAAAAAAAAAAAAAAAAAAAAAAAAAAAAAAAAAAAAAAAAAAAA,1,theatheaaaaananananaaaaaaaaaaaandthetheihehaaaaaaaaaandthandtheaaaaaaaaaaaaaaaaaaaaaaaaaaaaaaaaaaaaaaaaaaaaaaaaaaaaaaaaaaaaaaaaaaaaaaaaaaaaaaaaaaaaaaaaaaaaaaandasaaaaaaaaaaaaaaaaaaaaaaaaaaaaaaaaaaaaaaaaaaaaaaaaa,0.596720814704895,0.4032791554927826,7.481918811798096,1.0,0.0,0.0
1,What are your plans this week?,ItItItThatYouYouAndTheTheThereIsAWhatThereThereItThereItThereItThereThereThereItItThereItThereItThereTheItThereItWhat ThereItThereWhatThereItWhatit ThereItItWhatWhatThereitItThereIt,3,itititthatyouyouandthethethereisawhattherethereitthereitthereittheretherethereititthereitthereittheretheitthereitwhat thereittherewhatthereitwhatit thereititwhatwhatthereititthereit,0.25306931138038635,0.7469306588172913,10.264948844909668,1.0,0.6666666666666666,0.3333333333333333
1,What are your plans this week?,ThisItTheTheItWellItItWellWellYesIWellYesAIWellWellYesItWellItWellYouKnowYouKnowYesYesYesYesWellIYesItIsSoWellItIsSoSoWellItWellYesIWellYesWellItIsOkay,1,thisitthetheitwellititwellwellyesiwellyesaiwellwellyesitwellitwellyouknowyouknowyesyesyesyeswelliyesitissowellitissosowellitwellyesiwellyeswellitisokay,0.596720814704895,0.4032791554927826,13.219738006591797,1.0,0.0,0.0
1,What are your plans this week?,WeWeItTheTheTheTheTheIt's a and I can't get enough of what's here in this video game site. We've taken a little time to all learn from the world and build something to take over from the people who've done it all,39,weweitthethethethetheit s a and i can t get enough of what s here in this video game site we ve taken a little time to all learn from the world and build something to take over from the people who ve done it all,0.03601062297821045,0.9639894366264343,22.749290466308594,0.8461538461538461,0.9487179487179487,0.9487179487179487
1,What are your plans this week?,"ItTheIItItItThisItItIt is a new new's in a great new world, and has all these guys from the old ones, and a new one that is very new. I have no idea what he's gonna do, he is gonna",38,ittheiitititthisititit is a new new s in a great new world and has all these guys from the old ones and a new one that is very new i have no idea what he s gonna do he is gonna,0.159772127866745,0.8402278423309326,25.796464920043945,0.7894736842105263,0.9473684210526315,0.9473684210526315
1,What are your plans this week?,WhatWhatTheWhatTheWhatTheTheTheTheThereThereThereThereThere thereThereThereThereThereThereThere there there thereThere there there there therethereThere there there therethere there theretheretheretheretherethere there there therethereThereThere there theretherethere,19,whatwhatthewhatthewhatthethethethetheretheretheretherethere theretheretheretheretheretherethere there there therethere there there there theretherethere there there therethere there theretheretheretheretherethere there there theretheretherethere there theretherethere,0.010577133856713772,0.9894228577613831,7.594749927520752,0.47368421052631576,0.7368421052631579,0.8947368421052632
1,Awesome! I actually haven't been there. When did you go?,"DexDexIfDexDex33Dex5Dex24Dex24Dex22Dex22Dex25Dex33Dex5Dex24Dex23Dex2527Dex2123Dex22Dex23Dex5 Dex Dex ,   ,  ,         ",6,dexdexifdexdex dex dex dex dex dex dex dex dex dex dex dex dex dex dex dex dex dex,0.9984803795814514,0.0015196016756817698,33.637489318847656,0.5,0.6666666666666666,0.6666666666666666
1,Awesome! I actually haven't been there. When did you go?," When you left it in the area under Kringa's you're you know they are in North West Northland Hills north of the coast to the coast west of the land in the river, the land that is the land of North North. And so you're doing a really well. I mean",51,when you left it in the area under kringa s you re you know they are in north west northland hills north of the coast to the coast west of the land in the river the land that is the land of north north and so you re doing a really well i mean,0.0011806171387434006,0.9988194108009338,19.531051635742188,0.6862745098039216,0.8823529411764706,0.9607843137254902
1,Awesome! I actually haven't been there. When did you go?,Tyler EndedShinDexDexDDexDArBArArArArArEleArArEleArArArArArArAr ArArAr Orc OrcArArArArAr OrcArArThArTh Orc THArTH DthArThAr THThArAr THArTh,11,tyler endedshindexdexddexdarbarararararelearareleararararararar ararar orc orcararararar orcarartharth orc tharth dtharthar ththarar tharth,0.9986869692802429,0.0013130465522408485,10.578239440917969,0.9090909090909091,0.9090909090909091,0.8181818181818182
1,Awesome! I actually haven't been there. When did you go?, I have been here about 7 months.ItIfIIA<|endoftext|>ITACI I( IIIIIIIIII(I(S II,10,i have been here about months itifiia endoftext itaci i iiiiiiiiii i s ii,0.7016361951828003,0.2983638346195221,75.35672760009766,1.0,0.9,0.8
1,Awesome! I actually haven't been there. When did you go?, How long was your stay there? Did I have any of that was in any other area of the facility. I would not of ever heard anything about your visit to it.If you're a bit of a different area.The place was notPOV.The building,43,how long was your stay there did i have any of that was in any other area of the facility i would not of ever heard anything about your visit to it if you re a bit of a different area the place was notpov the building,0.009206512942910194,0.9907935261726379,24.21269989013672,0.7906976744186046,0.9767441860465116,0.9534883720930233
1,Awesome! I actually haven't been there. When did you go?, I haven`ArMarshDex�´\'��\'�\'����´.���´. ((IAI'A`A-'SI'A'H���-'H''A'��-'��¡,3,i haven armarshdex iai a a si a h h a,0.004085065331310034,0.995914876461029,93.23603057861328,1.0,0.6666666666666666,0.3333333333333333
1,Can I add you on Facebook?,"ILikeCIIA5L8P6RR8C5R8FD9., (, (.,,, (,, ( (,,, ( (,, (,D1B/S (,A (",11,ilikeciia l p rr c r fd d b s a,0.0026873371098190546,0.997312605381012,58.34231185913086,0.7272727272727273,0.9090909090909091,0.8181818181818182
1,Can I add you on Facebook?, Please do!<|endoftext|>AdvertisementsAdvertisements<|endoftext|>Advertisements<|endoftext|>AdvertisementsAdvertisementsAdvertisementsAdvertisementsAdvertisementsAdvertisementsAdvertisementsAdvertisementsAdvertisementsQuoteAdvertisementsAdvertisementsAdvertisementsAdvertisementsAdvertisementsAdvertisementsAdvertisementsAdvertisementsAdvertisementsAdvertisementsAdvertisements<|endoftext|>AdvertisementsQuoteQuoteQuoteQuoteAdvertisements<|endoftext|>httpshttpshttphttphttphttpshttphttpshttps.wwwwwwwwwwww wwwwwwwww.www.www,3,please do endoftext advertisementsadvertisements endoftext advertisements endoftext advertisementsadvertisementsadvertisementsadvertisementsadvertisementsadvertisementsadvertisementsadvertisementsadvertisementsquoteadvertisementsadvertisementsadvertisementsadvertisementsadvertisementsadvertisementsadvertisementsadvertisementsadvertisementsadvertisementsadvertisements endoftext advertisementsquotequotequotequoteadvertisements endoftext httpshttpshttphttphttphttpshttphttpshttps wwwwwwwwwwww wwwwwwwww www www,0.9982725381851196,0.0017274371348321438,16.903573989868164,1.0,0.6666666666666666,0.3333333333333333
1,Can I add you on Facebook?, - I will post a link in the bottom of this post in your profile and in this post.TheIICIH2S9M5T5NU9J2VZM9MZ4N9M/WY1J1NX2,19,i will post a link in the bottom of this post in your profile and in this post theiicih s m t nu j vzm mz n m wy j nx,0.9989559650421143,0.00104400550480932,46.010772705078125,0.7894736842105263,0.9473684210526315,0.8947368421052632
1,Can I add you on Facebook?," Please tell us about your experience! (or send you a message! If it is an email, it means it was a personal message that wasn × × ­ infrared ­ ­ ×´ ­ ­ infrared´´ […] infrared infrared®, →´ × infrared® � infrared ×´ × infrared´ infrared´",47,please tell us about your experience or send you a message if it is an email it means it was a personal message that wasn infrared infrared infrared infrared infrared infrared infrared infrared,0.003732482437044382,0.9962674975395203,31.7269229888916,0.7021276595744681,0.9574468085106383,0.9574468085106383
1,Can I add you on Facebook?," YesCan you a, you you you you i i of i a you i i the of e i i i the s to the to e i the1, to the to you i i to u you to i the u u the you ithe",46,yescan you a you you you you i i of i a you i i the of e i i i the s to the to e i the to the to you i i to u you to i the u u the you ithe,0.0011765541275963187,0.9988234639167786,19.851402282714844,0.2826086956521739,0.6956521739130435,0.8478260869565217
1,Can I add you on Facebook?," You can'tCDex,Dur more.,./...D31IThe and,.31./ 2/ 1-1,.1.1,,./ 2.3.-C-.1--/-/3",7,you can tcdex dur more d ithe and c,0.0014446992427110672,0.9985552430152893,59.9697380065918,1.0,0.8571428571428571,0.7142857142857143
1,Do you have any hobbies?," ( r r r n "" z r n "" z — the the the — the the — the the — the — a<|endoftext|>SOURCE [/■■■■■■■■■■■■■■",26,r r r n z r n z the the the the the the the the a endoftext source,0.001153772696852684,0.998846173286438,81.55366516113281,0.34615384615384615,0.46153846153846156,0.6153846153846154
1,Do you have any hobbies?, ( (/ ( (/ ( ( to.((/(?(/??loc??loc((places?(placesplacesplaceslocplaceslocplacesloc?places?((loc(?(places/(placesplacesplacesplacesplacesplaceslocplaces(??,7,to loc loc places placesplacesplaceslocplaceslocplacesloc places loc places placesplacesplacesplacesplacesplaceslocplaces,0.9691903591156006,0.030809704214334488,70.2660903930664,0.42857142857142855,0.5714285714285714,0.5714285714285714
1,Do you have any hobbies?," (( ( ( ( ( ( if you ( ( the ( ( one ( ( in ( ( ( e ( ( ( ( ( ( to ( ( ( ( ( ( ( ( a (, ( (, ( (, a, the, ( the one one ( the ( one one",53,if you the one in e to a a the the one one the one one,0.016777999699115753,0.9832219481468201,671.7913208007812,0.24528301886792453,0.4528301886792453,0.6792452830188679
1,Do you have any hobbies?," (, to ( ( ( ( ( you/(do���� (������� ������������Ȉ�ҿÁ�ӣӧÑӚӝ�ӛ��",10,to you do,0.9145456552505493,0.08545427024364471,586.6708984375,0.6,0.6,0.6
1,Do you have any hobbies?, ( in ( ( ( ( ( ( ( ( ( ( to ( ( the to ( ( ( ( ( the ( ( ( ( ( ( the ( ( ( ( ( ( ( ( ( ( the ( ( ( ( ( to ( the ( to ( ( ( to ( to ( (,59,in to the to the the the to the to to to,0.001123166410252452,0.9988768696784973,505.5068664550781,0.06779661016949153,0.13559322033898305,0.23728813559322035
1,What do you wanna eat?,", "" "" "" and "" "" a "" "" "".,.... (,. and and. and "" "" a.,,..... "". a.,.,., "" and,, "" "" and/. "" "" and a "" """,31,and a and and and a a and and and a,0.00148796068970114,0.9985119700431824,27.028636932373047,0.3870967741935484,0.6451612903225806,0.8387096774193549
1,What do you wanna eat?," and "", "" ( "".. "",... ( "". "" and, ( "" "".. "", the. ( "" "". and ( "" (/ "".,. '.. "" "" /. "" ( "".... "" : ""..... """,34,and and the and,0.0013743285089731216,0.998625636100769,32.01630783081055,0.47058823529411764,0.8823529411764706,0.9411764705882353
1,What do you wanna eat?,".. I I. a., and a ( a a ( and and,. and,,. in ( a, and,. a a. (, a, and., a, and,, and,, a and. a ( a ( and ; a ( and a",37,i i a and a a a and and and in a and a a a and a and and a and a a and a and a,0.0010521343210712075,0.9989479184150696,43.886146545410156,0.4594594594594595,0.7567567567567568,0.8648648648648649
1,What do you wanna eat?," "" "", "" "" "" ( a "" "" and "" "".. and "" in the "" a. and "" and "" and ""--..,, "" and and "" "". "",,, the "" a in the and "" "" and "" "".. and.",42,a and and in the a and and and and and the a in the and and and,0.0010939352214336395,0.9989060163497925,30.818220138549805,0.30952380952380953,0.5952380952380952,0.8333333333333334
1,What do you wanna eat?, How do yo wanna make yo yo y u u g bb g bppf fbbff glflfftlfftlflflfflfdf fftff ftft ffdf fft ffft ffff fftffff ftff ffft ffff fff fff,28,how do yo wanna make yo yo y u u g bb g bppf fbbff glflfftlfftlflflfflfdf fftff ftft ffdf fft ffft ffff fftffff ftff ffft ffff fff fff,0.9989786148071289,0.0010213825153186917,13.769133567810059,0.75,0.9285714285714286,0.9285714285714286
1,What do you wanna eat?," You want to go get your own army to take care. ( to the to for ( to theIn.BABD-C.CC..C (, (.-. (/",22,you want to go get your own army to take care to the to for to thein babd c cc c,0.0013216080842539668,0.9986783862113953,63.198936462402344,0.7727272727272727,0.9090909090909091,0.9090909090909091
1,What are your plans this week?,"AndTheTheTheITheyititIt I-It's just a simple! I'll do it for you, I don'`tA1T1II-It 1 I-It, I'll1I-It I just do a 1-0-1.1",20,andthethetheitheyititit i it s just a simple i ll do it for you i don ta t ii it i it i ll i it i just do a,0.00955253466963768,0.9904475212097168,43.384254455566406,0.8,0.95,0.9
1,What are your plans this week?,WhatWhatHowHowWhatItThisItTheTheThereitisitititititTheItItitITitITITITITAititWhatTheititWhatWhatitItTheItThisItItTheitititititWhatITITITThere It It It,4,whatwhathowhowwhatitthisitthethethereitisititititittheitititititititititaititwhattheititwhatwhatitittheitthisitittheitititititwhatitititthere it it it,0.027935640886425972,0.9720643162727356,6.089017391204834,0.5,0.5,0.5
1,What are your plans this week?,WhatItItWhatItYouWhatYouKnowYouIt WhatYouKnow YouKnow YouItIt WhatItItYouWhat you(How it you you youYou (HowWhat YouIt What you ( WhatYouItWhat YouYou ( You it ( It you what ( What it you,28,whatititwhatityouwhatyouknowyouit whatyouknow youknow youitit whatitityouwhat you how it you you youyou howwhat youit what you whatyouitwhat youyou you it it you what what it you,0.0012824697187170386,0.9987175464630127,15.975715637207031,0.6428571428571429,0.9285714285714286,0.9285714285714286
1,What are your plans this week?,TheItItIIIItIt's a little hard to-tweet on a new day of this new season- I'll try to-tweet something else...This is a tweet from TheI. I'll try to tweet a lot more in this time-but I can,35,theititiiiitit s a little hard to tweet on a new day of this new season i ll try to tweet something else this is a tweet from thei i ll try to tweet a lot more in this time but i can,0.9989665746688843,0.0010333831887692213,24.776287078857422,0.7428571428571429,0.9428571428571428,0.9428571428571428
1,What are your plans this week?,"ThereTheThisThereWeWeWeItWeIt's not the first day we all sit down for some, ""The, and the ""The first thing is a bit of business: we're going to be doing a new business meeting today. And there will be a couple of a lot more",42,therethethisthereweweweitweit s not the first day we all sit down for some the and the the first thing is a bit of business we re going to be doing a new business meeting today and there will be a couple of a lot more,0.0010630417382344604,0.9989369511604309,20.63939094543457,0.8333333333333334,0.9761904761904762,0.9523809523809523
1,What are your plans this week?,TheTheATheseThisIITheAndSoItThereItAllItAllItAllItAllIAndTheTheIAndSoItAndTheTheIAndSoItAndAllIAllIAndTheAndSoItAllItItAllItAllIAllIAndItItAndThe,1,thetheathesethisiitheandsoitthereitallitallitallitalliandthetheiandsoitandthetheiandsoitandallialliandtheandsoitallititallitallialliandititandthe,0.5969786643981934,0.40302133560180664,11.162494659423828,1.0,0.0,0.0
